category,model,variant,seed,rmse,mae,mase,smape,n,rmse_norm,mae_norm
ice cream,seasonal_naive,sales_only,,605.0498865698888,487.540588235294,0.8238825020185304,10.761464973400066,68,0.16489652889263773,0.13287127636704144
ice cream,arima,sales_only,,556.6688628569389,460.6912779631212,0.7785105320568545,10.16957067788111,68,0.1517110659223603,0.12555393251603758
ice cream,lstm,sales_only,42.0,2102.2605724166483,1993.5345511062526,3.3688235881463537,54.51200787563922,68,0.5729370072021542,0.5433054943098363
ice cream,efs,sales_only,42.0,634.2872860899352,511.08666568465975,0.8636724224268456,11.366455793055055,68,0.1728647077184114,0.1392883777112777
ice cream,efs,target_weather,42.0,710.5625923778624,577.2159732001337,0.9754226656831205,12.982953813909262,68,0.19365230478483797,0.15731084744380586
