category,seed,rmse_sales_only,rmse_target_weather,rmse_improvement_pct,mae_sales_only,mae_target_weather,mae_improvement_pct,mase_sales_only,mase_target_weather,mase_improvement_pct,smape_sales_only,smape_target_weather,smape_improvement_pct,rmse_norm_sales_only,rmse_norm_target_weather,rmse_norm_improvement_pct,mae_norm_sales_only,mae_norm_target_weather,mae_norm_improvement_pct
ice cream,42.0,634.2872860899352,710.5625923778624,-12.025356326803664,511.08666568465975,577.2159732001337,-12.938961619530044,0.8636724224268456,0.9754226656831205,-12.93896161953004,11.366455793055055,12.982953813909262,-14.221654051933175,0.1728647077184114,0.19365230478483797,-12.025356326803626,0.1392883777112777,0.15731084744380586,-12.938961619529973
